ColorIntensity,TextureScore,ShapeComplexity,EdgeDensity
0.6809285366435028,0.0384333928013636,0.6213400214284492,0.8444230272603299
0.8972433251916417,0.27505444768050036,0.5214886217058895,0.6315534854419576
0.8908267535742685,0.8348619180663956,0.8619440915809912,0.07870891714256523
0.9764900340442492,0.29389008319931675,0.491712573490072,0.48635011510949533
0.7002146588453342,0.05690148049762156,0.1277427635426891,0.20975851501133502
0.502301717661742,0.0524921839530299,0.004972485322349174,0.19909639407006974
0.16631170020908237,0.4274228023694364,0.6778731204686652,0.9406453433605237
0.7053805596474173,0.9318257230616197,0.5499083871271615,0.761541548076109
0.2915777167599307,0.28592044163963193,0.33096290435844833,0.6962305935241437
0.28294756803733123,0.42715768070104376,0.16897215003789035,0.23892881707785862
0.2382877764480681,0.10193380538260854,0.4667153224039021,0.11857343304095047
0.8751220573514502,0.49357279326898107,0.10028647247890565,0.8708326212853501
0.8679644466821582,0.696547064285704,0.3361084892211431,0.00587956934245093
0.6309704448700582,0.2711503611772196,0.3792119062356344,0.3880964237010196
0.47298098137073585,0.29671130852868477,0.46561869483796214,0.27761250296133355
0.672114460098799,0.8419750254062712,0.46662075133884684,0.5703762003488236
0.6072294502983907,0.010363722347177085,0.25700564347427723,0.2505084358858347
0.41573424832338735,0.636470708550097,0.8502109816019876,0.31120535932830795
0.37963086748563435,0.39388463494161696,0.3555435062567456,0.8500398549931936
0.3827943081453502,0.298380513561469,0.22958730889251633,0.6031888234045187
0.5891334031560382,0.6575938322438771,0.17580988341059023,0.14568252732936837
0.6476693561208259,0.8346685217897052,0.3225783945033356,0.7264715434958315
0.451741753515442,0.5583921163286737,0.06755288297753437,0.2074592014798784
0.968691450213043,0.03109462194305601,0.03290752298097166,0.4330049301124801
0.08384571800448104,0.46140119082557607,0.6051421968028677,0.6466072368392933
0.347047025953777,0.4627599408939731,0.61914713604919,0.27192953745748727
0.41907468312544094,0.5437984948046078,0.5295882026382897,0.3841068146757922
0.016921343464943117,0.6709589010435523,0.7622851952317243,0.7341495973041509
0.36495718766822516,0.019318403534340445,0.03915054427707798,0.9379109534243434
0.27370991717284254,0.5020126243997505,0.9359731082094677,0.529245056959473
0.5060362702274808,0.5883077693805907,0.09506512325706051,0.009970971556622743
0.33641054718326924,0.34335338641605195,0.6740229943935936,0.3384637512418305
0.7261821349464612,0.6683652265904331,0.1333965889408093,0.39863433484553445
0.5099324954076485,0.22817771712917112,0.8799054333077924,0.33917362000224405
0.12976223349626437,0.3173723330674516,0.5107132869450313,0.43626886111556273
0.7500613241443472,0.962755347424326,0.08229354101797604,0.6326662538183997
0.0992288960826766,0.3480703708611401,0.6167241127000735,0.12112802699775316
0.8390491680793574,0.346500887365745,0.009109943882201654,0.2726305088675055
0.9314221940862194,0.5956806358231153,0.7760221784402446,0.5076480860176246
0.3224452901848539,0.9709753298600602,0.6505849866461234,0.3155733081799751
0.9261426332629309,0.9830804459530004,0.21262474936350728,0.9910853381353594
0.7930081591225383,0.5796579636763161,0.3747509161760937,0.43143146703748825
0.9224356110037699,0.001087019804932532,0.0078066944888902645,0.8697991535922163
0.6662701369208477,0.9006565507683997,0.693683814971205,0.8965098356138644
0.23564403942142187,0.5702379645770481,0.32266813750971923,0.8360069997223499
0.8945232369109726,0.36599640828993585,0.5715889152967192,0.04689824094516781
0.18426507617074372,0.8291951410159383,0.9567276279144629,0.9477467316133514
0.21306055101753552,0.39983245935020506,0.299466712947585,0.12874256213317692
0.2710629901403637,0.03404450620026467,0.9902378840873183,0.034403627714294505
0.30424631148658465,0.8210722230570188,0.6327283860075664,0.4143696079065575
0.5144796421310306,0.5458594010197623,0.24208866628550496,0.19463403275785607
0.7134573604340441,0.3381435382241962,0.43677788302125775,0.18419652966323619
0.9262081744006837,0.2508923763538512,0.7404531223835897,0.2878196133761506
0.08843758733550244,0.5937974594154256,0.44647790768308127,0.24840560524685484
0.9543693622282359,0.20804954822510013,0.06850756734155239,0.6847954021501531
0.9213229670968134,0.3238508865570032,0.16860366138254235,0.18677730663607006
0.05399929218103894,0.6365303094139836,0.7912977457839455,0.5431183051972586
0.3603211376915627,0.881544450405932,0.6483730757180614,0.9864265461435298
0.8131433902993365,0.5328903283915988,0.5698254773321337,0.43238242095628887
0.6115765454794011,0.7591063982990925,0.1676219707554013,0.6418731087954365
0.7790939433817704,0.7630606037630419,0.8377574453503394,0.9693716777298736
0.7190333387898875,0.6643539526593868,0.9607401095862501,0.13763899804136426
0.49677011312716357,0.24583833768051766,0.040887097490669544,0.4186070092930494
0.04121804595169953,0.8667885981502419,0.0780318706538553,0.8501924001952541
0.584268202064501,0.4362756556395665,0.8847245033145648,0.9323056827448798
0.04856665305929597,0.04421074393570057,0.8155522540321283,0.6012360579589051
0.6037267175351309,0.24461267006952514,0.6179344555112937,0.14342060254022337
0.8004108624936782,0.7655483540993158,0.9449652089861379,0.901471583947655
0.5849917487019186,0.06913333581748937,0.6464305779920032,0.17444656619094256
0.9970218045616971,0.1473644021549112,0.21598527572950332,0.35287784833211855
0.45586650018043307,0.6942268160417044,0.7286423237169002,0.37550797776226175
0.7488274636039874,0.8926007897275405,0.6457103447456373,0.44729153987262804
0.6672132917419075,0.6337320050576368,0.9857447020100294,0.7901658159309496
0.991431691558088,0.2222910538295546,0.21389573637479176,0.8021443781024846
0.7132190050771051,0.05341376324954861,0.597884936362599,0.7196550732781142
0.1640307314593894,0.6151265825503117,0.7801675222251225,0.022128674421581618
0.9555177064172409,0.04739857793116398,0.3389830893381708,0.5648451022171516
0.6677772264457613,0.612722051941757,0.3796795830982377,0.7474929558814
0.05933823080638989,0.22557994416109506,0.8879018383283207,0.4446252400615428
0.6575683057846125,0.9046560624088297,0.40419487960888134,0.9449360453653964
0.8831194066747751,0.47509266848736187,0.6247328518956144,0.823810521880351
0.577041861990025,0.22393843330969565,0.8892381375268256,0.6381550654868308
0.3540196380320112,0.8531453165585916,0.20982658309056135,0.062425183682513374
0.820909634070616,0.25403539844750833,0.9818772963526058,0.6523462475831382
0.7825120082058294,0.3065990765248755,0.7019535339703258,0.9115796012522189
0.5441821542313008,0.8342778990554557,0.4961216941414448,0.3794453868809514
0.15436176989590034,0.30879202980059595,0.4309205643509977,0.838132525605361
0.25098648552318137,0.41016376923063735,0.9543646155515045,0.313161142862179
0.7384839721861057,0.34766567075886656,0.20572482752966637,0.5701032915473028
0.8060821653949275,0.11640031783037585,0.3116832568459613,0.6484244183707824
0.2792652780409898,0.038895812246826145,0.30779275554792473,0.6779950375588949
0.36798507718678664,0.7245406740609813,0.28900633473446347,0.8825493144643481
0.07763188524979514,0.6451371239357206,0.4685380452156892,0.23462226700628208
0.7134619483664998,0.2823660675520572,0.9891792332678332,0.2623695852889747
0.003577544600031346,0.2955991249848785,0.8887867667162174,0.7040409933107368
0.04654152121906807,0.9450057830086813,0.32794956832148614,0.1771938124840381
0.004344067784089911,0.9876711272334922,0.42287011573013766,0.4642704049639603
0.6453195833376167,0.4734349032336935,0.6694807463859314,0.02003438407721514
0.41738712770054653,0.8024517454814937,0.017151680696614102,0.1409793369901141
0.29754676134333025,0.7366858758693654,0.8201536586856478,0.6788463850288614
0.9127010103571104,0.29731770951204695,0.8797980573119195,0.747461603481754
0.19280279467660666,0.058562710520478345,0.857200334324534,0.11531903323787684
0.38936801038140056,0.14255625713494002,0.37505438688553616,0.227709550411197
0.9403118009277517,0.8382941170007634,0.46199950736420814,0.0989044465370511
0.4271065628370424,0.7312138199962811,0.012388321903755828,0.4334128439251168
0.5546936856470578,0.6643348444622779,0.3993953480435508,0.12611607074463327
0.08033686656948757,0.13064883169664832,0.4604268223666015,0.43729601716689004
0.7901663868934623,0.6399306874505247,0.9069742930684787,0.7320982558011316
0.42275877708823817,0.7721523314931155,0.8939876737572474,0.6833886331434175
0.8005151245984834,0.8606017498602906,0.9660970640879095,0.2804604868518452
0.25379764255599213,0.013231279193618217,0.8851049850905204,0.6737625492469325
0.42247875056141004,0.6844751018784777,0.008200709427645614,0.9277121308995769
0.7865489363650103,0.019097655603204422,0.6414608523322197,0.3475243870849155
0.9738777670436397,0.7068728455434385,0.06823768310304079,0.3291191536976066
0.05962552438726887,0.6356213647320048,0.2725942863799854,0.5714386514820174
0.8124561774189043,0.1483478629189725,0.5783076294705803,0.24550181102747182
0.30068906762711023,0.7661217513451303,0.7006138184075389,0.651578927980252
0.5507432808910722,0.06834761818969115,0.6546320259170952,0.832261770672481
0.2900922649507479,0.8263987737446334,0.04905836740864322,0.45931850509863204
0.6134454725679902,0.261929244848229,0.10360386956955203,0.6795073249283824
0.35380283064397555,0.688851862300665,0.1285868129312734,0.6518854238829953
0.3336148909776815,0.9236893410218703,0.09141437676969111,0.038665561847589514
0.037938312935935525,0.33982702467344894,0.17823442326932226,0.1834162951757764
0.14696040590381154,0.5028940779404192,0.6884877913115593,0.8935300018181299
0.9170781988654788,0.46311803395045037,0.8308372511591529,0.9388921473650194
0.9982774288732463,0.1576113490628681,0.4088138900734103,0.7804396399111774
0.7805205758696064,0.5903120104907617,0.6927815064283436,0.9212481483276946
0.2868126247734868,0.743001918520948,0.2000162612658265,0.3061486509185748
0.40244513844359253,0.9168748289238192,0.9732801516334081,0.247710971779047
0.7395034549060827,0.8508026016495128,0.3499975228576183,0.38430018756052
0.9685135568831981,0.5100193797280317,0.8458669062048351,0.05534199855045285
0.4554711707293676,0.7190171545119348,0.945366372629387,0.8098716190413278
0.8295224152883747,0.8007834133738928,0.8647139628753022,0.9841754851150772
0.9750689225987169,0.4934887137383488,0.06706765154028893,0.8240292924366098
0.8734731710560043,0.11542756070426774,0.6503071573072561,0.5549753348525481
0.22714974677132693,0.43793076384737084,0.12009070657155119,0.2952819704829498
0.008031863875622935,0.8424780382015649,0.005663000525796713,0.1976978885435806
0.4920817053884151,0.596641405393735,0.05178344394306744,0.36406287179665997
0.5313608316952668,0.724458377009339,0.9161491964470573,0.6669695295482063
0.20125036455116962,0.18526802215258753,0.9084635142603937,0.4470615555408236
0.28467439194681765,0.9643377682110057,0.2258243877640338,0.9340598200844861
0.7651531608485469,0.4040805294933094,0.5470612147986262,0.8542203429657325
0.47034725871313376,0.653635522717729,0.9550282622659262,0.10240061596289896
0.31735408360025663,0.018872254590605264,0.49670612969676253,0.13152522388570997
0.6226260273619194,0.12731926225529133,0.39357782014575793,0.6762391853001108
0.6527597559761253,0.782034269884919,0.48324869404462456,0.23076838998035432
0.7693957768408022,0.9679694455202547,0.7902157615519442,0.7910298770117512
0.15670929576291914,0.3200553550554782,0.4772776325332353,0.5913581423263531
0.7415172523269903,0.03718073494126484,0.7832776812823695,0.22983052773335
0.5994283921104185,0.36086660198013754,0.43169744564093293,0.4786867974805912
0.05757186530279712,0.017468130279002625,0.25200567121138284,0.40607629236703335
0.7774456282534111,0.19237309226246913,0.32647272981862063,0.8731593591894047
0.38308028133318506,0.7524720150537384,0.07782346463716594,0.03216247497705027
0.33038093432963755,0.9370883981064961,0.4973811444092764,0.8958438904667899
0.44807515158163436,0.08744908436888665,0.148110924889023,0.6520826828797434
0.34617507730612906,0.5579007788105093,0.8115470063347329,0.7375381875483787
0.33828559220990906,0.25388084612403194,0.42059057415689416,0.0026074633926337354
0.8080776677006255,0.13905912579392954,0.7650023239917231,0.6282394340372324
0.12450525436569226,0.21898022989155752,0.9544604275386335,0.588486163711026
0.9706000678574586,0.5777630674977074,0.849477949713236,0.5372055563862999
0.5549316443743433,0.06513450144396105,0.9514636797458197,0.785866856705885
0.1829239984213129,0.4342185961684175,0.5679365268707303,0.5558710963965052
0.1312154829316865,0.13522785095516388,0.16532443398054186,0.8570971895598576
0.5915095321349826,0.2726770523944815,0.9353959541837006,0.23263148640963838
0.632999443846928,0.1907543297432639,0.8685043905967709,0.8059825889716998
0.053025771029810764,0.8829754998308972,0.8644129910669285,0.17931277282480573
0.2430019141287858,0.7080113308712895,0.6932744274087185,0.8131177919689799
0.7954619212214673,0.8684625789474705,0.6249162621860794,0.9404635188285677
0.049624627743525496,0.3834628345476925,0.014723891861331495,0.3356941423103841
0.8550886639060361,0.3134133648536701,0.7480540690881162,0.5298863139801888
0.6581624765263335,0.38058719489776704,0.09153511748280574,0.6583290229231477
0.4344232593632048,0.018548195724407468,0.2597509361025758,0.07947166585449461
0.34643284897091586,0.7247042751485582,0.5514902953513369,0.49408071820412025
0.019248963848893963,0.3497724568950783,0.4517325848760416,0.36058497658824673
0.8252149457518431,0.3133238035767917,0.015774389771445962,0.8724556312513081
0.1427218539685381,0.5981410653705329,0.8239850584517123,0.8766795187083262
0.3095419918620881,0.4362499117098164,0.8788009580859264,0.7007795395472368
0.5691069803628038,0.9808433682238985,0.6818729434967669,0.6557244745924983
0.24599260007125423,0.35625304289880133,0.5410678586568224,0.7336884592758568
0.49714046375220133,0.6138958422079134,0.9607378388994714,0.36598690100280706
0.8093428287387023,0.31165110060965173,0.11995620774819193,0.40451924675062545
0.47053793479027484,0.9905949802106567,0.7379100536649891,0.5537047228887053
0.948977344119596,0.44511103472012814,0.12836061289519785,0.9380281273644674
0.8475006203763417,0.634128810866803,0.3818447989234157,0.7239998741195626
0.3330392353633942,0.12672167095267706,0.5854845091709787,0.5509892444962233
0.39996212458393776,0.7330242148636581,0.7370876905043523,0.7704130148967145
0.42332672702252716,0.269210057875622,0.003716100271983991,0.37089031223842506
0.6261794529245147,0.4486132528296719,0.26059788637177617,0.7304667011443706
0.2867957291885398,0.8831330623274579,0.5382003914098203,0.41067624828270033
0.9692491388225086,0.9705525148851014,0.532873679161507,0.2796614070149861
0.6086842206035009,0.424572101840357,0.637626434946264,0.6097240475222925
0.39940165874113354,0.8348026679544999,0.30385358086822245,0.6868775596501845
0.6450098154915673,0.05334899454986075,0.5405292510889357,0.4592935611795642
0.39540501052970767,0.8475740297902625,0.1897867774345764,0.5655007313555015
0.8177956809794189,0.6295103221526497,0.18687221440345547,0.6940660748559568
0.5678409605517213,0.48870616839160197,0.5765639634226069,0.7677100515575095
0.041970503406067006,0.8899637051372478,0.685472585045341,0.8955714790830762
0.17675686742346075,0.8453372225064139,0.12039996668128794,0.35454420626432814
0.8649939730295346,0.296945095953572,0.12278990190422334,0.9514772528525935
0.5628998263567899,0.7914883823447575,0.5653026914604504,0.6372798101230875
0.950343476513905,0.0994909336623726,0.2700957522836456,0.7877018826989478
0.07242231286068479,0.8227639354673701,0.3923991022411144,0.6997690434814383
0.2952606300859739,0.6754556180232505,0.4007484476475779,0.20557172534840662
0.1935433732395726,0.08786633093194274,0.17855285928491638,0.07143838300882832
0.5538402922287362,0.6830801734741354,0.001314633430626433,0.7262864640181202
0.38279283107990936,0.5805192766763702,0.8531518099690073,0.5110526677945765
0.15727353407639322,0.5945501011450448,0.7150019688976883,0.7022133684083246
0.6427519139595469,0.29086393512969855,0.6905385581155655,0.47684280391545975
0.5362983657971865,0.26649720001284527,0.5465051381133197,0.312234520416504
0.27473625129630097,0.76253511205402,0.7009696545781204,0.28501790925956827
0.4797713577823778,0.2568134810172391,0.9356883775476258,0.7305321308699942
0.7457383150411895,0.44626225180989865,0.6656737362292912,0.2767800814657747
0.20527167455065853,0.6947889985987847,0.26509140192744995,0.7146768709254209
0.2929057467017291,0.07961625132743777,0.570560051740898,0.3839601263173785
0.34611098709411514,0.5945483826116572,0.44232440336621015,0.7708984043188025
0.7467264372010316,0.5893763726481173,0.5564191311121495,0.1428099257826696
0.846922599550907,0.6842287108880255,0.5176104774128251,0.20497994320434554
0.3763884964416109,0.3699280953056586,0.8587752852284649,0.6859116057201635
0.2966208618339182,0.4489797740638397,0.6518001033810671,0.5602311201982626
0.8894467583516772,0.32996931394469364,0.18875847793410394,0.2038783426215992
0.9993649321926787,0.8081682471887758,0.06301677887537083,0.9028270117268217
0.6703536396617991,0.13061076003613248,0.42436378868134694,0.2759441474126463
0.9899806149891808,0.9629539535753299,0.015610622257729245,0.4210713981936338
0.65996627780191,0.6348361559792174,0.31829738583333567,0.20228794187253796
0.7334602720078249,0.8869067243921759,0.36802146943922565,0.3880276183415142
0.38865600154351365,0.4262314582647643,0.3755888740099239,0.4916467501114742
0.4329675469990535,0.33227907039199667,0.9793500243238927,0.2952470545129191
0.14413566398939515,0.9007258101239835,0.30390087697246826,0.7690936731964834
0.8227500147651232,0.09887302887630278,0.2652274953786212,0.3939329786462471
0.9310590308872001,0.1171072315052778,0.12938093106754123,0.7295099999587671
0.623438133694112,0.29934677648467733,0.5110088356826128,0.20707217539024336
0.3436473084453985,0.9597749817663185,0.15367430621362066,0.3770354967931787
0.15401632537436627,0.633068609865107,0.6162947127307845,0.00805828889553517
0.26515622970531494,0.5541936966153982,0.15515977893834954,0.7586375839137117
0.2554104208518433,0.7053563363554206,0.5766733177592012,0.6258866443304841
0.6135278841635731,0.4174745560781662,0.8262692391746262,0.8178233249204562
0.9450374653636044,0.7580735014207992,0.042524633519092636,0.45561078810271327
0.04827188695798146,0.3932306979728776,0.4197469749182059,0.7997406437128391
0.0010222995944479951,0.8263631848564645,0.4610489672188355,0.6475825442709784
0.6001819443143256,0.26729508207650454,0.7910721434781124,0.0036129325342386664
0.28406046207971525,0.27754665929802425,0.4679156319455442,0.25369429508851193
0.880548342338957,0.5223833054267352,0.5675357864563202,0.493891352206248
0.327250307905817,0.4307611583617351,0.7912042535880711,0.6186873497119713
0.2897376005288893,0.6481158442846954,0.5597584929292907,0.06559086466463715
0.2695106212182973,0.36429075467357896,0.3582994135195824,0.7050799281837917
0.1448528272682441,0.23055064907036682,0.08584227762058227,0.5435360976472599
0.5815304742771106,0.46980856288290107,0.7299156295125776,0.5257793068182857
0.16821360233421,0.5609564994971462,0.8711381501621551,0.2920455580979151
0.42463115979029087,0.14260005382969043,0.970064537020164,0.5948230994905769
0.46097205225564886,0.5567186257331653,0.9265998807715683,0.027492889631774653
0.020492046877974457,0.31925670524789684,0.7974179088332487,0.06470033050398849
0.016807279821142496,0.3924518848685079,0.6434719322457282,0.7338700872128415
0.5202126887568292,0.27931812906328124,0.7814601458306384,0.3218913425339639
0.6960347322291323,0.9314103277930599,0.4320837128520679,0.3469670756244838
0.9421424822804046,0.6833362812802138,0.594776214790835,0.20838520325645182
0.1791192841569551,0.2624603114006834,0.3486998091391852,0.44562069209993216
0.10325880943608257,0.6450313345519502,0.32670921498038274,0.051993431411300306
0.05208790692715093,0.8485724095820462,0.7566917732760338,0.30036322357111367
0.43604158291295025,0.40163020833276863,0.4539327823035617,0.5271239217776975
0.6231473673359569,0.8299575091561823,0.21216126293102922,0.465631921559137
0.8405533567512642,0.15441494433999237,0.20193816194186587,0.9996696431230337
0.6826448822931314,0.822781364866168,0.8591723615699336,0.38876465211691
0.20836078907485733,0.5402942426723664,0.6777604943626712,0.3869990592543089
0.461770366396279,0.2229744880099821,0.5460460733581158,0.5035817774144603
0.9103463463086553,0.4071413845559114,0.40093873599635943,0.19030311027122981
0.3267410624773712,0.9879929924466168,0.4308173907871258,0.8763044229591579
0.49873036509193147,0.7835560166424261,0.057435194194943806,0.5722677888644485
0.9585653346436968,0.5750863613851153,0.45491014486784276,0.19210763919942242
0.7347080055736976,0.11516391190452557,0.7954549106220818,0.7934415913721323
0.747740385641692,0.4178115829015002,0.38798648009532233,0.03433217114285325
0.2523340044132276,0.26305151401193727,0.3835812525432579,0.9825642005854273
0.41469811830512815,0.07100107950539025,0.0157165830192878,0.8651493347713713
0.08234216309672171,0.542204388719315,0.4578352625580686,0.5796394555340199
0.6065258670505337,0.8891856998408761,0.02533765294796686,0.11129566275706648
0.10373016454249417,0.6755998681741251,0.5703494280087611,0.21527277328967143
0.8359095822059548,0.24968038798051118,0.5067833815823141,0.27943517031356313
0.8145537870199968,0.5735846069537891,0.8400084989239989,0.241031737903611
0.5336051011223095,0.9432342833469689,0.5817806109257212,0.49752001045344574
0.1411660331970297,0.7229150529229353,0.3234273553222152,0.9445603702671478
0.02557898319516816,0.689473899406764,0.5162310094169141,0.4441725847678105
0.7967086675425724,0.9681581662275163,0.6997063557499188,0.6615645681734055
0.6001404832134268,0.7988733111840248,0.0939637954103828,0.6885832059788232
0.7109296367478833,0.13662354309875213,0.6210740884704338,0.8715807252544827
0.3038071257363676,0.3476350869762014,0.9166262819779791,0.033821287571519254
0.5094827378439145,0.9651407007376861,0.2991302956312444,0.4043300593475422
0.7471741705396504,0.48970539419799786,0.6266250948764123,0.7847351140860993
0.46256330831379955,0.11163744532118536,0.8213294503502435,0.8148670149654462
0.6013842227687309,0.45860487967234187,0.5118063974386241,0.9273326151740112
0.7897282618079623,0.6969932340708007,0.7179795340203848,0.7027943598180023
0.21522064526637885,0.9975482216812411,0.3110103384892601,0.2451539461047435
0.06592888935748231,0.3239053165632019,0.3060584529251448,0.5056657430843782
0.5318235108108051,0.5140868748792737,0.6675840217985607,0.03234528791889757
0.06212577072009573,0.8796807046497939,0.7054088739734838,0.6469283410982468
0.7665572943667532,0.3552672180573335,0.9370096995121437,0.5542952115087567
0.7192114476337886,0.10926155659085723,0.22483857471797453,0.6668362807612931
0.881712671465297,0.948935875001504,0.4682175960879691,0.9301405533875955
0.6395620980339606,0.4884408067135001,0.2505134731638914,0.6872766117204315
0.06719757075237376,0.5027837107719717,0.0800921608802454,0.3204499303747612
0.2531521254896174,0.6212001446041822,0.4032305279474877,0.19873666387015676
0.8079318445627193,0.003536623703224606,0.3740807472882033,0.8546362068186548
0.16713241731358774,0.9311311755688492,0.2704341199821879,0.19433214327376058
0.6984804678148874,0.3614510847745417,0.29699489113941646,0.1616095805953639
0.780259330920478,0.39693186238434863,0.3604118063512781,0.2066120806809758
0.33011179785524114,0.17410924753323498,0.9888376327800935,0.5088408481305068
0.3222974734029085,0.37815161329246105,0.7829577659672801,0.12418744315945685
0.5578026812091469,0.8039435307760521,0.07140120108690695,0.9381183305967022
0.8612863327547637,0.7999916725555348,0.8724131764867018,0.9662537072400896
0.22390620191348054,0.9357968408954528,0.6333033263986714,0.9738018532829988
0.9412581960424027,0.4032294726807958,0.8905937601219092,0.039124804819719805
0.5991186848201082,0.7087215037485843,0.3417096871302282,0.9461975264800317
0.9921264713522762,0.5072375552075571,0.4645188648117188,0.9974149326174252
0.08961372399532264,0.804022789519131,0.8962270573081084,0.9424291093454871
0.12656213650675907,0.7125420091329969,0.2725731359136815,0.6709389057627061
0.8266418037134827,0.36790292528627566,0.9155008762454153,0.7012301524085008
0.8647558956038492,0.33667383425369246,0.8284997121442692,0.12225293987344765
0.44545868837093394,0.2524424630279676,0.9805579409092934,0.8742970770749625
0.714071176142335,0.5765157904886378,0.3242575870163631,0.0596395846287715
0.8675572874455385,0.9638428515938595,0.2357531800047834,0.3177305466176398
0.04312778821882868,0.200066737617566,0.33086689704572814,0.991151645148187
0.5739504229932586,0.09525245490432521,0.9546497959887352,0.4223278791029953
0.8534806665264896,0.11940064207631362,0.33307329605294156,0.13115622396525872
0.39815494458477496,0.78309867625015,0.5652118199572381,0.9692946620490801
0.3023836061124269,0.3501048042845637,0.4036792825865142,0.9841396470417361
0.7957066850948376,0.2243668276923797,0.3962201444817809,0.18704268523871437
0.3357865835028362,0.35284411837350005,0.1933786098790552,0.8648038087401708
0.0031742981845032103,0.6453308128295218,0.53707954079759,0.39042332619389175
0.9595725876290657,0.5467871248282837,0.8494042549672068,0.38136846448671446
0.5921232363510185,0.743589406521226,0.049485013553870805,0.26269763189690165
0.8195179187100712,0.3390741484817763,0.8892265936634216,0.04471027455489651
0.8253015623427146,0.4520285734646854,0.6654729651372995,0.2680089836852235
0.06641042037273281,0.1019683689629235,0.6167380805749029,0.053776905333052016
0.1708601993864648,0.07305864603278145,0.6259002329239922,0.9243720463599634
0.3111206807596474,0.46225524284410047,0.29626983595446943,0.6617206723927285
0.32069928504132283,0.30159660744592354,0.4151445038682877,0.8866226500163915
0.6587861176809129,0.6128005721361308,0.7992900059042146,0.7172906814705706
0.6231329207526848,0.043002165444571916,0.3063810369362896,0.13128687108263926
0.49458977800981374,0.12176637759956543,0.47002020957269675,0.9405815367352979
0.21126373230876794,0.8651908111063952,0.019632271387653333,0.8998930536327671
0.3819834696903034,0.5663116215191045,0.7335583529355066,0.3480760779010357
0.5435939684651695,0.7120545336912272,0.41770217667860565,0.1115333403516765
0.4679853661039419,0.8419721187072957,0.5253587684736037,0.7041547507888738
0.12729253309507838,0.4638343429500522,0.11468931781075864,0.7283613027367225
0.6495104935019238,0.7610603839674761,0.9917142287874369,0.8968290448407071
0.07305177681066055,0.5245855790735243,0.302467826984846,0.05265575945107992
0.3781946830810803,0.22274877027370388,0.6349896615964503,0.14170383802737185
0.7100293476752291,0.3376561688009395,0.5812363448544654,0.5982487928791823
0.02002353451970651,0.49035044105566084,0.7850922039249904,0.6191315508700825
0.5699828190453161,0.31688555217227077,0.29383695562196055,0.03360966231500628
0.3345209741432973,0.33552769134989835,0.7559273449972372,0.3969320510616584
0.008831843422734464,0.3373928312487664,0.38250173068573434,0.5841617312760491
0.19038327106097186,0.12283997885710418,0.4111609658463491,0.7379113331517339
0.9409461932706544,0.08464260721225136,0.6727125264867702,0.31615069177832855
0.5211489055050904,0.046496039691304336,0.7842857717404688,0.48390349302184144
0.9972272046291317,0.11095626103433676,0.6668666361205591,0.8140548723120092
0.5248167503647412,0.343707092135618,0.8998795205711521,0.9538950638977405
0.5439364122902682,0.5938718057830571,0.28515902951006733,0.2303146753898455
0.3918430129328524,0.18814692720940895,0.9006167321019494,0.2530422058198962
0.3100404187314143,0.888008846002638,0.1308635259433787,0.9398181874338755
0.2515455531329448,0.8083824312394494,0.6595303190299806,0.3959111507626836
0.3434206161306739,0.5205271128091636,0.5476306513801775,0.7183483245207427
0.45985108090043214,0.7242098308133599,0.49463594041558945,0.6122652287298762
0.19199195023079008,0.36632852469875843,0.3109120288621783,0.2855876797940563
0.22487509180569587,0.0367777927330899,0.5037327453082342,0.6535622219580249
0.27154476866843913,0.9043328475325398,0.16177335638470325,0.6555659009569733
0.44925989193083915,0.127793488257822,0.3693209442116756,0.5924431854090763
0.6528133668142431,0.9479373463796514,0.09868091748387742,0.09966082484951289
0.8561461502862873,0.57188258826611,0.5718465997863196,0.9951718223740377
0.2871318371871433,0.30556306102142994,0.09576788619962695,0.4004164611708274
0.18372834034143737,0.49552462331184466,0.16034464390516567,0.6382509853969889
0.378847464850555,0.5016298089230942,0.08546680148748131,0.8857616941126193
0.8943830763718558,0.023287079442581904,0.3813106399520779,0.42328848841983635
0.009860728337139468,0.35545985188413864,0.8419584544183485,0.7739250568055486
0.6778686160577454,0.7398657995429174,0.9068963916338277,0.971824424679406
0.4771600464115815,0.510069188950708,0.07188945460001339,0.35893476025304827
0.16104621496068006,0.2442301170095842,0.634550140861627,0.4052695702327367
0.3210215262744667,0.335109860036944,0.6843854245920734,0.9055760589965687
0.22495004387703388,0.8630543931159491,0.5337699424320241,0.159642867815183
0.8778321678901223,0.5255496701502296,0.6669848614695459,0.02859483835944232
0.48187338394499024,0.528352122551236,0.23369071544309528,0.9088890048491118
0.5630942778724928,0.96146745905101,0.4896442118190161,0.8215915741175803
0.5936876193370206,0.32088139903664337,0.3908758490358285,0.972583032551332
0.6396171246023561,0.47954112510622837,0.08970795143963106,0.058237782710678254
0.49555569037592995,0.811713597720834,0.625556439722489,0.15617733044098725
0.01787353083631582,0.7589122488870297,0.49521519267154623,0.10531255908980885
0.3347226869146519,0.26579942192867256,0.2751740269025832,0.6834161322937092
0.1838732407209912,0.15109104760538583,0.47368526040337144,0.6060100737471432
0.6801428429116769,0.7007045761873683,0.775298018397503,0.35933519938725966
0.056704651370046655,0.25765617680719477,0.8016577628080639,0.057423479402245015
0.5638033911116442,0.9226758285242411,0.6495261287493691,0.639661984046541
0.21063172227430094,0.1292476939892261,0.4677478334001638,0.5701204851150566
0.9488458384670612,0.31831520013477654,0.575749639203848,0.11290321106061574
0.3355409421865355,0.05478724692491377,0.38501537135561714,0.9089097044737141
0.32522119137463423,0.7033053068633781,0.12655634299423824,0.19894970967199055
0.9233846679907237,0.8912626489153983,0.3856205973860919,0.7435091521438564
0.41734792030414136,0.635874527331007,0.5303327560696343,0.8850758625429482
0.9628623341857422,0.9377530155114836,0.5988340146505841,0.5794749906937084
0.024170352133503492,0.12850397850120965,0.9358009760546209,0.24684890529825132
0.3063445752021463,0.08773392726269891,0.7773334450306162,0.3092485176251414
0.6661929602664312,0.8384127311673708,0.15199256144467732,0.8857475337188323
0.8908569645276385,0.8555111753865077,0.17418220665292805,0.29825715637648464
0.2564055930082839,0.8310395271071281,0.10049475923975404,0.7461904833173043
0.9304775919636682,0.7989649025337456,0.7381817272209178,0.9901652122554053
0.5941214664991882,0.3622283639386602,0.706122278491857,0.9998167193626778
0.801008243197916,0.21746208359138774,0.9863629016968811,0.5334797482693314
0.3972073043068972,0.92880401999779,0.5220234176643487,0.8265557967860978
0.21218038256687333,0.30700018284833397,0.8264149288488819,0.9902498679211995
0.9112354154476932,0.3984076821640322,0.5764398586427876,0.3746728898419822
0.9331358684062186,0.6995589594516332,0.8740867125274371,0.25240958507030586
0.4975751441541355,0.2933560799939876,0.7210210393027515,0.11423335584218319
0.006495015999256504,0.8191302215610012,0.6428840149912529,0.1408996380731261
0.10978295367040447,0.07003462363178126,0.5651226709830504,0.8535563636206633
0.5730279602317218,0.7911826673889345,0.7229705244429748,0.588723090307074
0.02377670230188622,0.6018513226178042,0.41965384267101047,0.8737091753924858
0.3969119239866953,0.5729936441135929,0.0965765807056641,0.7894550890321684
0.3033699455720126,0.4583770391386607,0.0399861287978408,0.6737446300480178
0.7143482754022047,0.2770455962834224,0.4790237316091739,0.6093121919068607
0.05557867294793528,0.46407028543123663,0.5992915822201413,0.048338904178092945
0.48873126897728747,0.4500285120186873,0.07884903057062542,0.8722751960031923
0.5791142698756053,0.58375418878307,0.28690354891210224,0.41784206167971427
0.6172910760526177,0.28157428585553024,0.3220322059754871,0.559786857071392
0.40515767201694086,0.07759558197614902,0.5627955352082512,0.02195350187702072
0.30436778342955095,0.14508944663913825,0.2784824560427891,0.936073501862787
0.6824930337371488,0.6991774314615729,0.09564859955600669,0.9027404610920015
0.847569048102495,0.022492329635540487,0.16485674094655012,0.5432780299181056
0.6936176377828788,0.85644304464543,0.1739478016041932,0.5773116331683574
0.9321023654572216,0.6943973274799133,0.8426949442227615,0.7050172124034887
0.7172635253579271,0.7680865413077163,0.28431968697829146,0.2646948964361501
0.7646187340136184,0.8359844490934748,0.7146917339147569,0.22191562271330256
0.16790319660208886,0.12271044393018116,0.5678387463393058,0.6740229466016328
0.4195396445267118,0.8224510909700663,0.977038753616442,0.10442244615890817
0.4850553309559652,0.5046424376590564,0.27282266888020223,0.45406200472338076
0.25629316229460763,0.8855238387531971,0.15837302052920021,0.49276042399909004
0.5285398603562879,0.8865866010603435,0.052037837694560385,0.381336976915168
0.2907919442218475,0.02417804375417021,0.24095966228128052,0.18526817569773468
0.687502092804416,0.3828652154835389,0.6840708864153926,0.3553162643253547
0.47028847670317586,0.5263987958652734,0.08525822463686061,0.33755725356044997
0.4588069542690356,0.678360089782902,0.24470184514965854,0.4992656746487504
0.9836425310328117,0.28618624668413395,0.855308368184012,0.6746808415785194
0.39244484854257045,0.2521422606646523,0.5829529493645202,0.9682351235261706
0.3622954325895683,0.3812657190890473,0.06952154025319546,0.14416326017432823
0.3186043712826544,0.5009386917498945,0.047683144249763276,0.8730171099410818
0.8947492209757981,0.9511462314054133,0.06112287532576688,0.2841780003902624
0.4967238260981782,0.7621084666974375,0.9418750501472527,0.5913727700014056
0.6000144774806355,0.4293211669377053,0.8498714285610547,0.5467369479838681
0.180818479002395,0.054366178440183766,0.8449400420187747,0.5569484186282629
0.5409423600049269,0.16852059214375936,0.9242167622435459,0.7233586117188129
0.2746481928684883,0.45592442431941704,0.5052553902509103,0.3816883057489959
0.7306369212628775,0.8138259000987043,0.24734467114334402,0.31909996323685563
0.8325283487923821,0.38069553567734393,0.40134800423851813,0.8528345731854773
0.7148106921312776,0.5384966507450597,0.7188640728838108,0.2200950402742703
0.7302441662702573,0.8918048860851021,0.8760328715212651,0.18024603731114308
0.512474704119517,0.9137962594266289,0.4350909266995243,0.015607436655260876
0.7121180563341353,0.21577499644268938,0.5353809553820612,0.21057778202918676
0.4226869355081603,0.04359492179259439,0.9317829932762532,0.5185314333167084
0.651489153529613,0.30541053097151494,0.10749863710942908,0.5385088730141135
0.2590392101205147,0.6958023148257801,0.8622992169741239,0.25442049119553434
0.06975701231201015,0.9511122009762665,0.15930748225193592,0.07227417004119985
0.4134732641219685,0.07703199998411392,0.4838613502906203,0.7446407963452062
0.46177815578049,0.028483810549271515,0.21842312866305957,0.7579753485622998
0.25640715818869,0.8841472129857219,0.6029476306906042,0.9978363962915615
0.7277095184072376,0.7481452691031412,0.5585734217082661,0.9000295705347177
0.0735504789762792,0.9922485791555753,0.3800073642407519,0.9260620645176425
0.22274832437918857,0.39679288146565317,0.8633035148451244,0.7982038257439419
0.7485647184536268,0.41605090513676934,0.6598133202880598,0.6155028533824991
0.4371242737400124,0.1723118372974496,0.7212051249619437,0.12854595760451049
0.7052836240393124,0.11584715259733847,0.15065973820766854,0.6223132974558777
0.5674858777835963,0.578718010590238,0.8831656779756176,0.055955860414626635
0.9507127499973624,0.36428500129483254,0.1670401636200184,0.8852991112711923
0.597795832722833,0.08031644794524506,0.2227849642099602,0.48182133541419747
0.014868974345519703,0.8869870695233198,0.12805513849688044,0.6974728319758002
0.352877350504334,0.19835646824933306,0.44035920796881556,0.052243663695964004
0.1430606822047077,0.7485843470035328,0.8877092317523098,0.5342484229228254
0.9246336775977032,0.28222859611811113,0.25244751960985956,0.30126339785336254
0.10401245428508032,0.8129048307527991,0.37375342042295323,0.28496826573724565
0.3877066631310875,0.11839684142765405,0.846066420075422,0.3896559147031825
0.22609919362669217,0.7560716102217615,0.6178152797588892,0.0006394608605349017
0.8467219903967333,0.09811887390051244,0.7516163936462769,0.4666608817201735
0.30856649758891697,0.4469157878569433,0.21400004943611484,0.4865666836079383
0.991893483142645,0.7340043505996046,0.7164898633325755,0.8631309158390641
0.03861660561225089,0.17321838118690058,0.22761057864177248,0.4485256078824824
0.12827677246256586,0.285664988846723,0.987313982210661,0.36355629386767285
0.22463877642910912,0.8647669920921977,0.5598861561267373,0.9947470513624633
0.8111060402001594,0.885119320907646,0.695639258043137,0.5712133246024963
0.8785172090640158,0.04493545245272623,0.11840158414150281,0.47261320863413947
0.07145138060942235,0.16809058535297527,0.2506559800415695,0.4959358345483794
0.03246014176227641,0.11747194027285901,0.13974065956435433,0.8091812975088051
0.7445568571045793,0.179693094651303,0.3901707152717231,0.34067636897016085
0.13335200675361347,0.9701877243062725,0.2841358642053985,0.3891604626859456
0.13299858707463919,0.5516552487904565,0.7329222596305692,0.7558733593374654
0.02236653449442927,0.4681123904549268,0.10870897962815118,0.07298373961376947
0.04980787758342187,0.9844673730926161,0.7520593684503682,0.8651691581432587
0.26367545859548913,0.5569561298607354,0.04570482463858749,0.43020269646796994
0.0650054894108063,0.6611179273455245,0.20201783732239242,0.5812929755056484
0.36887909165927557,0.3327705460491802,0.7919649919646029,0.7574761592598351
0.8327750312273491,0.3821148645095186,0.7427766411078949,0.26605192243934483
0.32632025732159264,0.594409383809073,0.47632611391886337,0.8903142083206511
0.7278341625793716,0.06978578400046476,0.04998271507755181,0.9792249722566108
0.09390996483103009,0.25588288604477516,0.6098937416692993,0.4942743614061246
0.6593751874194929,0.1968117494603071,0.4067241039740984,0.9369373650326733
0.316747183257435,0.015893393140003598,0.31652815019796976,0.0011286225269827588
0.7497528786970381,0.5369012705204219,0.6404106368265342,0.8942378296355283
0.13625201405638188,0.5610528395238791,0.43661456220172634,0.31104531975130556
0.8978833777644819,0.3839392230372589,0.09242110045317864,0.31149542472760194
0.2425772028979366,0.26872746946479087,0.9159504705123444,0.2280888647699394
0.35313779328117645,0.6520598759946248,0.778493099453379,0.3170139011509019
0.9501807108180417,0.13465916138445688,0.05637819129055244,0.2134845836986351
0.5784823597308589,0.5186150316353341,0.5250638701906956,0.9058691063099717
0.36577151896302196,0.7680739858106199,0.0833775628986283,0.8990237272133664
0.9496021470336317,0.1642979839524723,0.837289859058485,0.10221131492062252
0.329077416890032,0.7532595385958187,0.6130139610519718,0.14285842886649247
0.09487071267517977,0.760794509153398,0.17244913357306846,0.8620186390106666
0.9968488878594198,0.059926648230454904,0.02074134280620077,0.39893777087274596
0.26784492055891385,0.018784326087181835,0.03158101214642062,0.16927167733927828
0.8512578486996074,0.9739354059881948,0.5073654720648297,0.5106694024365672
0.16554079482308726,0.19338265949882494,0.7343734786767738,0.416668049920095
0.731353971777378,0.822139209100103,0.12084045133395915,0.2191615537379652
0.524449394472252,0.5618506530452986,0.22128406591495753,0.7207522182776344
0.9809065582901296,0.2644721575369968,0.3272599451695323,0.6312893123327309
0.5528303560923995,0.12997043661881258,0.218076782061153,0.09966161355544056
0.025015151890854126,0.4966772735777275,0.39133656268715866,0.9253867143253425
0.6038779896240879,0.40735481162944986,0.5596150057650762,0.5584699657300691
0.14531645633662604,0.6988860851170678,0.6849367482413092,0.2502044870635418
0.7985409152820871,0.9041685495477267,0.9637751822072285,0.2062918150723635
0.856568196489899,0.8052480869634384,0.9308436696831945,0.13594798137220154
0.4820935187947143,0.2744520502048119,0.5701269748289145,0.42463740639035075
0.7832214570522986,0.8789332184523058,0.7341500564563547,0.13554101309083677
0.14511073548160514,0.8333913141046041,0.9508722046254279,0.41581641259522617
0.49207818653564606,0.9291362337217682,0.08347194454140483,0.14877042823411768
0.39394426469058463,0.45866082103798766,0.005634759861429139,0.6568075215238893
0.6113173870530814,0.7685751724093984,0.029799763729583262,0.7852420216863583
0.044477188803159984,0.5916580655236704,0.5633493623729638,0.5495227475227586
0.7521228382486274,0.31050275254948334,0.7628334253025342,0.6800568748548973
0.07912928947468367,0.9944310025427634,0.3670749507450346,0.9383787370840609
0.6564715175301649,0.03830746683966135,0.5452391747276186,0.6383715295706078
0.018457225539944222,0.16227257255907468,0.5163663185485369,0.3641581981838826
0.8318880637567295,0.8925423625318949,0.09477089159201957,0.44948015867491553
0.17469963022378132,0.060562843412633516,0.32158826422404896,0.860525226072037
0.5154974759769905,0.8868206673435217,0.01943515518230199,0.1307203189500964
0.26149290372761935,0.7152214760582009,0.11070568880651088,0.3257370224504327
0.7226472020610685,0.03668400539454231,0.8118582229097778,0.5772800689704841
0.32135110018972124,0.4293200428541766,0.8294134972483189,0.6763895694084344
0.7246091935883172,0.7544714750022371,0.8019463200450697,0.7634990754317053
0.2848712068354765,0.5831002846307997,0.7268186409522366,0.31820679599608714
0.75247309093576,0.935871291964458,0.7933128463999017,0.1458591340091503
0.030605496336904237,0.8676440329119999,0.6709823412695184,0.9548392096765598
0.28331133537384845,0.332647635334146,0.6698333388162886,0.07639221713203947
0.49863350644027893,0.08462719552009035,0.667361797491808,0.09580535578688543
0.04505958191972548,0.9442570396456513,0.5140427896782042,0.49494254190196885
0.18603406137127865,0.5172867677679266,0.36334723346484443,0.8192710281435983
0.9345369816412032,0.07439762437194852,0.730195266161555,0.7745041063553267
0.9768342651801892,0.8165756133592795,0.2986460135867416,0.9376992661940918
0.7397499473904856,0.8685064706853911,0.5429021314776192,0.1416025756129884
0.25220005061691286,0.639424640176571,0.4333556202178813,0.37572725706243604
0.260517445435969,0.4475089656863399,0.27662227709370113,0.2821421287217101
0.6457903577950729,0.6621730123235727,0.9746899204524633,0.860870123554672
0.11759961659870177,0.7066836957051236,0.2587516452018195,0.48835462028120036
0.9483093804303666,0.893029958085968,0.30929306372303,0.026847934415666352
0.22481289951018457,0.9558616803747381,0.16158750175806824,0.7079644068383966
0.9996356254254438,0.5143209323909114,0.8229806253142905,0.3886980978266026
0.4957337953024604,0.7984945335265625,0.5865894005544894,0.5311467633710123
0.7714299889929364,0.9645095559916549,0.6130392564723857,0.893787427009998
0.0021840945055572325,0.151243338146966,0.8205614117990978,0.25673777463281167
0.8887464047516419,0.018267981609676687,0.3429196586298794,0.24026467561217713
0.27000204478058043,0.868963772848294,0.19363342538021378,0.2631925041800893
0.6679367445480653,0.19527333324716079,0.19840536399390396,0.3381079912597027
0.8063552807935896,0.042478766631800946,0.7326198214622593,0.10735397464609964
0.16414774055900205,0.16009613765744457,0.6141151544624475,0.6972196608085894
0.44250948132922896,0.3841149112437693,0.20633887858208888,0.20739871782913655
0.4938359406519234,0.21926570159258008,0.14506539464042356,0.9261457472705857
0.31211946533920454,0.30525362910044307,0.12068730516197279,0.2156863139098707
0.48175582972898146,0.9752940514300463,0.6277986477030377,0.2556420293087751
0.31754565765533804,0.7044055441625751,0.00011864491085000761,0.29702022881081636
0.36074774505520923,0.712191728253204,0.01831934260354373,0.768538097011416
0.669331178702739,0.09468537472792282,0.3895531356260953,0.4276064874420298
0.6325932683049971,0.7320983698226917,0.6913498642761624,0.8193346240306186
0.23226572579752525,0.7393443329553049,0.6950393764974039,0.7848537123557885
0.8974828847954246,0.6597450184066322,0.4301182736076906,0.9294904227674665
0.8627885456713906,0.22843629599787507,0.6910736066045696,0.7566041551040548
0.5090833066899516,0.42303617908218494,0.5210961795801254,0.05191116966906284
0.43325074269575037,0.8462764546696253,0.9769314167973153,0.8372812736990584
0.37685598298410883,0.6702016293406263,0.16246021383683307,0.9380725967054112
0.7072679186664391,0.7327688349999023,0.6006672677056056,0.993689192549669
0.6716660572094705,0.5873744001258089,0.4912387759510036,0.12526759413246513
0.19618060693797867,0.44958659911177845,0.1944663446576944,0.6132732693265346
0.6714580313003613,0.7590520100671082,0.7499904321417035,0.1994586658841594
0.25243119410203996,0.06792581436630496,0.27550801993199525,0.262509640912599
0.018558336523525565,0.6731607327802641,0.3817098190935416,0.745584338222858
0.699208677537377,0.9972045078506792,0.37483056958753,0.9776677176990604
0.6447936024607496,0.7801919294680316,0.2442044731879488,0.5948555014630229
0.41080926237434146,0.2905635115774553,0.4307053316984052,0.8505844698222473
0.5256860559195061,0.2778194947053806,0.4733458809276183,0.008883803828827919
0.9471691917057596,0.6672186105934589,0.7442216728093075,0.03663163984961926
0.5952001809054377,0.8958542570085304,0.7650685743770371,0.5967243373258634
0.6578839353365314,0.5779497408478429,0.15855596829166207,0.38898310160043914
0.06391132094914109,0.5274022871700583,0.5927722993275321,0.8897578149731539
0.16599446067512524,0.16038413384367134,0.8961977982793955,0.30198191308573374
0.30095227641158817,0.7154569553598166,0.10878660888456082,0.43205102750404745
0.5393793180281431,0.7022986196378908,0.47291404453413854,0.5279091978315682
0.7765908959833212,0.9669513923338476,0.7503531224083427,0.27303883288624753
0.321240877788587,0.3001921843056644,0.6114913343823433,0.9084948674532943
0.35638243047877394,0.7564454763675318,0.10058565659662388,0.46453358465809713
0.25615088517374884,0.434065261197629,0.3966061253509724,0.42415560911901695
0.2546093292953059,0.558472791616135,0.507239498216864,0.8497530489343326
0.9488638458947966,0.8164538556005582,0.9958456017162729,0.3119784016478985
0.63545717961889,0.2219950450189756,0.17860790932365278,0.817465344510961
0.15590124353994683,0.3428687395274149,0.9824237671601125,0.12227285272134947
0.7222485780842599,0.773308670197597,0.3761497842294439,0.18278853336489964
0.722021143360029,0.5704579152878609,0.20032048607382136,0.9508416661717347
0.666470196053705,0.09242291690507021,0.414109082123996,0.842447490807708
0.1347204450906636,0.430185866778513,0.6139951240348172,0.38789890145640626
0.4079914834695869,0.5866333129730164,0.21349739391099587,0.6384564487170294
0.10675633049441313,0.9095173164450526,0.29143908330212775,0.9429701894309558
0.8166205040921365,0.18848804993863866,0.8545465017352898,0.21185890286408426
0.6551721431779193,0.8059529683774829,0.9990094616688678,0.059010470223000655
0.5072039367678184,0.13062448307659136,0.3181726914984264,0.5374680645053053
0.3430154765005966,0.2422356600758072,0.14885680394994028,0.14259687866359327
0.1842494744944334,0.24334388349012304,0.7931708199940416,0.18731909271137515
0.1064475888331079,0.8774791959088326,0.6004556872751452,0.8915391897315794
0.9692406075368996,0.1990176920149871,0.10040114337560113,0.007403458644891336
0.19964864195602305,0.7869607269854091,0.946771481436021,0.8168200264638685
0.05987462672138566,0.4618065340196199,0.07804952839989199,0.5169507763356076
0.9616667721824964,0.9990907677973108,0.6253564016336411,0.5592943876453004
0.5489517413578271,0.8390914986521054,0.42393725589358144,0.6717679604563624
0.7966567349911429,0.739703134447818,0.5566239182399358,0.43144499230801037
0.04376584719831855,0.8707263066521955,0.21321419566014443,0.11561188819241475
0.5669458574796546,0.6340303926050336,0.6881103992506516,0.10282022380482381
0.39820996411799514,0.8436522565284976,0.9597196891333397,0.7543621991839425
0.7719644343498835,0.26112684736145586,0.45842587404491564,0.2210351432672849
0.03842564563905859,0.09770321110107494,0.5229582775682272,0.028101683617644202
0.40169056856161434,0.6159320070866687,0.2398116705688813,0.9796138890989411
0.799073419486196,0.434690392663586,0.8918679837510811,0.9803915193606934
0.52269726463837,0.42644079529243195,0.9711744051399582,0.37814133734377986
0.550038740998604,0.5267478524300462,0.7862968850860543,0.025523844557113207
0.0971646819659655,0.3613826115655425,0.542773502159804,0.7272646585927497
0.13233055612009137,0.6260595314428291,0.9567968245086307,0.8310120604856692
0.6769996053657859,0.03056836734762991,0.1538500553672768,0.12501369011580976
0.6750466222899199,0.9698913418817633,0.47849085989521845,0.13545861490923627
0.9791033942522733,0.9247089920455704,0.5376057067264131,0.8222239996967906
0.7119529880655504,0.9352701625819336,0.49191641975237677,0.9219073887152348
0.4932434959334473,0.36500349558371836,0.8024182871787032,0.7907548366741496
0.8573278235335529,0.5318909576590998,0.6704028910163641,0.20074494916952956
0.10447298581593623,0.9541306030575752,0.1266584659182617,0.41152121943422093
0.4492958208962545,0.9023460564275866,0.3464513073430604,0.6008424258659141
0.28710911092756974,0.7902444759011473,0.33907684838688634,0.1602934738208287
0.10463780692762559,0.40733158984759243,0.5656321927929286,0.2106024926325083
0.7635020847203663,0.5643392231821734,0.29145841765789693,0.282886072068555
0.5107920304988839,0.7929124742166477,0.11727176955391061,0.5095132702908365
0.5567687198974907,0.27301199554003175,0.6536826656571354,0.5108048871775476
0.411255187910329,0.6264493682281114,0.8510369385350225,0.8142945193475526
0.4603372316027352,0.8279343248518568,0.9316080954659239,0.7530102006876256
0.11601738712300314,0.7074547917329014,0.9725784176594758,0.913735675109942
0.6729178242869764,0.4794806311910007,0.781116846209014,0.8329017228245964
0.43244735960521374,0.5846083595551583,0.13970242829190216,0.2538775483056547
0.8167675731295833,0.9886755431457941,0.8531118242367245,0.33129676930399987
0.1962872001430761,0.6019877946472101,0.39996007338247397,0.5004232436325338
0.20505509341883577,0.7856177540186438,0.7299113137923636,0.014271134563644594
0.6457595715306877,0.7266047643776626,0.5312680049608358,0.9039020062837214
0.8460034233973969,0.7014906155293632,0.8286061336487837,0.044344212562339225
0.4721978386181753,0.7163690551140436,0.4255057328396886,0.3224412708166363
0.7269538687331,0.4544097512814639,0.06179381074002077,0.5691747911964067
0.9993299214930856,0.4741601745181253,0.5568237108824708,0.5178413886068658
0.9902656397289281,0.4678627373607823,0.17129055466767318,0.6544598928258747
0.7443368428217001,0.03325460721260809,0.9655176323529227,0.527520175294209
0.7395864896782488,0.24106533033232347,0.5269630658254916,0.2290014257030344
0.24761888719890568,0.1545640066498828,0.5535587938372605,0.20107818779387188
0.8335396315437738,0.8864450113972573,0.9072657128148177,0.9072470690754986
0.40510212704712056,0.274969366452949,0.6245852451511749,0.26396673673559257
0.9619939098668226,0.1384426344655404,0.30272937718970716,0.28097723387951345
0.08142768870693551,0.11976693191088494,0.29609461691337113,0.4129528961003446
0.43584036887272604,0.6999898345521587,0.5015786499064562,0.13943832714997395
0.5558404876834986,0.0060833109149592834,0.8666082289291589,0.5072728444232404
0.40515620708616484,0.47130440175650823,0.7947293407362785,0.6650317617021314
0.21057919050494334,0.11887110559819625,0.9627405860568448,0.7860004920773669
0.5929884887825099,0.8496633776359052,0.07188612285220364,0.7114542418642291
0.7559179146251376,0.9584503564524582,0.26832606896433864,0.1476359640802637
0.6448385960201964,0.9587546162149037,0.08020770781372599,0.45606714497092393
0.2344488488080395,0.4419641089467693,0.7510791939024363,0.03858620080817843
0.7316079443685239,0.6445148244347965,0.14083368915038363,0.017797996720949283
0.25689780604456325,0.5997041365107446,0.09988631799760672,0.4401304182738006
0.17520236292404,0.35003890138595295,0.5616722070995576,0.252960494457629
0.6906680154387221,0.44406449142053117,0.4114847121191585,0.6833607948733628
0.8427872461139291,0.06432369723328568,0.7151013387624671,0.7242407868134125
0.4815394476965744,0.7956990326714872,0.48701539170027297,0.8954037245582557
0.5313917931384378,0.24080351215461904,0.42533459594045275,0.7606825135390387
0.30274757047123246,0.46052733113637623,0.4255004487469709,0.048244123136541694
0.4946180151100322,0.4806207336166439,0.8718763803988546,0.3716230103577677
0.1319829980124072,0.5607117391513182,0.3952256507224664,0.2730233517521221
0.95583082968299,0.81787663788809,0.3333971277696335,0.3861324498271612
0.8003606536565963,0.6918810461837497,0.33853507702272934,0.16007565896870157
0.6679730608221848,0.663063049129192,0.1966007968148903,0.09770410369059346
0.538194371684403,0.5267454958049398,0.8606888505739895,0.5209845425084006
0.7921691362279645,0.09595575494658992,0.14663081502758157,0.7203813108663943
0.4947572395858043,0.4020084716508614,0.9086107377996053,0.7019109019319428
0.2999739081545325,0.9573168512905521,0.2834677219110062,0.45094432217622715
0.16037423516667204,0.9955480752882525,0.8994268221738468,0.5222789862889461
0.6475855888018073,0.7304981461009182,0.7908206568145771,0.5163287225086414
0.9294257450265141,0.22751496307464503,0.5819875209503587,0.6915703777680562
0.15361855350435116,0.10189064600339592,0.6694700039185991,0.04792517595602408
0.18001804505080676,0.41476435904619924,0.3258440908249277,0.7098961088712239
0.4336060334095351,0.8565719023593357,0.5742286143276624,0.5822009007572875
0.806899347919689,0.7218642398950005,0.29240290072669706,0.1981087146715742
0.2939227289715046,0.8838922375411049,0.40227281389046166,0.04905885374626451
0.25391292467002813,0.6157763146976523,0.7646625552292448,0.10852779055788842
0.6199662914628339,0.13032836458969232,0.24393256381021622,0.5246913414192697
0.5356147818743319,0.11479596699816408,0.8388460158375377,0.7584085300912828
0.06022036444523626,0.04800230263012928,0.3758828536649965,0.33465728712450116
0.08148997730927654,0.567079970573531,0.532169960856181,0.37912391070522167
0.6430129801847662,0.24288623662478903,0.9419604875628733,0.9341464150461124
0.46512359914777957,0.7343836413549505,0.6812556301868748,0.21301308403257602
0.970977191589147,0.6862499358575073,0.6456041128446274,0.10374942457535163
0.6785314107300647,0.31811074240831694,0.7116077276050291,0.34341011380001796
0.010073661993231453,0.17680166646406437,0.9181113387605614,0.7459221194922737
0.4810187798004618,0.10240034979600121,0.24851370922151084,0.6260772910561319
0.4144479350354795,0.737315273813097,0.6132412057993384,0.4157954393695692
0.1067138599937687,0.4504409954259332,0.40039385438365227,0.9647525328318305
0.92320883587219,0.3235299141781389,0.011855293210243922,0.7349964382945733
0.8050112990817236,0.8566530158063121,0.1253008964061092,0.061861424383293784
0.23008590842000187,0.593613216569384,0.3249918952635884,0.7446314438540483
0.2559807588429972,0.5180023363965844,0.5649999711819157,0.02403855590585835
0.032018053319450956,0.7433791649756157,0.8814747766962716,0.6503233231174055
0.29671745157904095,0.8155831402352883,0.7911141182014395,0.21048283629265874
0.5846220089133536,0.6860731554227195,0.5533336724227704,0.6964422090375577
0.42084338838666824,0.4400063185993527,0.07387041790746762,0.30977956664779616
0.9692554637196809,0.37929879267218747,0.2859062903949786,0.8730063079555649
0.056080169263670876,0.7716649382727022,0.3667086478922439,0.33691383659146046
0.5914301588990106,0.5179071606402861,0.6217171852038426,0.619695855404297
0.858309440507048,0.7043860785173763,0.06492362297984111,0.2859275596539883
0.4807409124097226,0.8903987890805519,0.5301935545004733,0.9172215451421782
0.0029627205603968143,0.9158906347367032,0.9014645761447072,0.7809959810281724
0.2428014998262752,0.27771563924057263,0.7054326956974029,0.24330287634460313
0.32376897566796614,0.1878899502725141,0.7970768065627564,0.9487967125586596
0.9659944945574624,0.26128736033683786,0.6816756483590735,0.35715758957622823
0.9117732818386994,0.7513717705355027,0.20658911217259224,0.6518649476671875
0.9491705051076303,0.37005803604616017,0.11048382006601865,0.7428532311143964
0.8257584576169683,0.17338928084132976,0.829490673004909,0.022902161464912307
0.3516477341139044,0.09838549250696926,0.6955044360155284,0.9589673461572462
0.9058764220962006,0.32731318882968785,0.5750615588163682,0.3444413060873649
0.9816845059370488,0.1361364403505113,0.18928286496824598,0.18977889343122423
0.3500713122749529,0.15637361253330695,0.6033449653117534,0.8507077917284981
0.2605559659864489,0.6838839734462702,0.03132178522215978,0.7028992828234144
0.5469162927822213,0.01973209566840528,0.11883913439395943,0.08674327262335257
0.18715219259893,0.117553261625438,0.31189014980442453,0.11704458137676954
0.032624221406380216,0.8443654912130965,0.44373827741116434,0.715191870653649
0.9458311711158697,0.8449140850182532,0.12056449582200035,0.07478325595908397
0.9257406324414192,0.32924347876357696,0.1199401838575358,0.9171754351240651
0.16265385376212105,0.08795300836872899,0.7258936605836355,0.7415401369476332
0.40774024692971944,0.7049703338072059,0.5697194065334856,0.3354922059669888
0.8310363132726856,0.3601316877738744,0.533741980777665,0.36293877922533824
0.661000298820853,0.045464627204925834,0.45243449511754996,0.5064960962041014
0.3947875091707139,0.15782698129979855,0.9765431063445639,0.3609694136485402
0.744170997182819,0.1372148119640243,0.04980028289437677,0.7834685514383157
0.8970473882101909,0.5891163438276622,0.18062717616157742,0.9747369441016157
0.926158330525868,0.8981175836035613,0.6475077574012373,0.5845215154381931
0.378849611922189,0.7930720333234574,0.13636565385124133,0.4460373276675289
0.17356068007281888,0.5465160450172301,0.5893809380091738,0.22277414026821718
0.9128388581939751,0.42215516492748006,0.56776122548108,0.6534334192478002
0.09255544586102826,0.618676709068865,0.9710051836396419,0.6855768618153971
0.7216883912281636,0.44381274098008083,0.8833864870490223,0.6851906070143637
0.14049731486080164,0.24609912257631594,0.9455533437674526,0.026985035868492324
0.3893868546676922,0.6791974553522796,0.11360236947397961,0.8991221006604709
0.41155574654502736,0.873243945741321,0.8681484372541888,0.33810656342917667
0.15875791511208337,0.3728703306808605,0.12909066172830597,0.744165762481609
0.922681434006612,0.8415384676913369,0.632932178543989,0.7598069071003198
0.0026681680092862647,0.43108204648349047,0.7200781606780022,0.6505549788122396
0.8938085432166306,0.401335943099426,0.16085349814928585,0.39486652314429216
0.8838293234754855,0.028324357547027668,0.6326593759295397,0.6083842168165255
0.3169636536980016,0.6952789013674103,0.05246049291199406,0.04019869125787656
0.7042842698792755,0.8075025251138229,0.2932660857428302,0.7618957921879063
0.2528089112983155,0.663556919558561,0.9211584939341166,0.09958864832833891
0.7587735622539384,0.1513609513919435,0.17173116290186918,0.3967509257996017
0.5611197417877434,0.10329346755264313,0.0652699924503275,0.10361878766496657
0.30022545424765834,0.5728587516185395,0.4436781996554594,0.8370744458190945
0.4002347536376546,0.4015162541846019,0.8506182085272715,0.5503023934359592
0.6898887322384035,0.4290977834855896,0.07667238196828996,0.6909551201692724
0.906097449643783,0.9678002467430077,0.3555353652304085,0.682582169842613
0.13072651656727463,0.7239226711930654,0.8997748345593262,0.8416062316585045
0.5713639696691571,0.4117877392077567,0.11815554994445432,0.13256940334513467
0.25372919945711747,0.01909927984171489,0.3106685059119466,0.6597281404048841
0.8013722498754592,0.03409569785327027,0.7784206115357039,0.5751340544036574
0.07023730586948107,0.6848036956458562,0.5432109871388043,0.030897122571315383
0.6889557901711698,0.8377387595177639,0.8323331406335831,0.20142290882280256
0.1749460136910298,0.7077026295496838,0.1115953930487984,0.2675715413782208
0.5963854184032292,0.4058877526047254,0.9205541713797227,0.07255637542916615
0.835692587192692,0.031135737930569563,0.9349117945152088,0.3547198058988015
0.7550806621216796,0.9674016302352297,0.15531302014670634,0.027202508715475693
0.7529428876836373,0.9863360621580867,0.033875464406750044,0.5531834922577296
0.5178453121869052,0.5493645514442687,0.9898413819555688,0.2115009605797873
0.8907455918497214,0.07067096469510559,0.4822515923024244,0.2870031055091986
0.5881051982419979,0.5409725059144669,0.5720754040354313,0.9104716261712841
0.9175179685495706,0.8923384702208084,0.6159047336665763,0.5028168491235254
0.5465224578324176,0.6799855101282135,0.7896684627805027,0.26901393124441586
0.505965563020003,0.7199892310327243,0.8119879690459179,0.5984617582480662
0.22235301921031447,0.08496983743224928,0.19392522431977388,0.2016714348674956
0.544786654030205,0.10651163703180144,0.23663674063352658,0.07439568576418487
0.14058483124889698,0.12734877637588526,0.876833028946372,0.020906354400268667
0.8696902012595454,0.9043768336609926,0.8195176047505864,0.9515290453762563
0.6758918887082934,0.5258496362638133,0.6176193815539553,0.7246108241431163
0.9936354484929419,0.7915750963929912,0.9946991591248497,0.7999481482923824
0.0920974277905231,0.11529125988360023,0.7351839435513237,0.9809177281788319
0.24067274984528686,0.927642705508595,0.21583676813024888,0.9316287034134395
0.8771586042661392,0.8211420914972102,0.8466440643326782,0.7369131986375159
0.3952540997689177,0.2247641447753561,0.41473263637014,0.6939870698193193
0.46630298998189756,0.8741822332939535,0.03615266054128918,0.33684999693537665
0.8606518873876169,0.2634427593968093,0.3214212778116706,0.10401725179510213
0.5218232249499523,0.2053398793390565,0.7635512340593853,0.573722548367576
0.19347584941436813,0.26424393681221237,0.9602062071864732,0.5762532950885922
0.8920301154097809,0.9099550632726093,0.27613641630319385,0.952237285415744
0.03106165642303349,0.9155919855148695,0.24651632440971505,0.44257080666170934
0.8953962676434433,0.3289957746879688,0.5636165855983001,0.6908076243060683
0.05052022667233469,0.7054341850945512,0.8116838996624468,0.5749706273967218
0.6658493646001281,0.6757452551641833,0.7465256821609466,0.17676022910104927
0.07167937967533466,0.8065626321304032,0.5599589025628166,0.5920643077549167
0.7062129859650655,0.29650950014213107,0.6313896816144785,0.5401167093628201
0.03397132133295089,0.5101385419104019,0.242098957326344,0.4939059939093555
0.8424577277107875,0.6676739510082869,0.4325742650033506,0.5134229336484748
0.46594395092998475,0.026256818809906046,0.2553656265202999,0.1639879719588705
0.09345391266887793,0.37673874533095464,0.8844179748446377,0.4634777312306678
0.7068194450101439,0.6958883576785689,0.11255450736551575,0.6056532718215968
0.4892901575037625,0.2525950931191334,0.6797405578563708,0.4894491986855394
0.19094885887544288,0.9577041070064872,0.26028319716502346,0.4886861951261473
0.015672373888725777,0.030161371506838952,0.4755774097184664,0.07751770979298578
0.41799825972553717,0.9580871875874228,0.29941278024663276,0.19077415201671966
0.08562923072853557,0.21676386801040004,0.3232453170594717,0.32097269277550067
0.0941696982472372,0.048822041925369986,0.26039301361102196,0.4193469939259066
0.26732954836267686,0.2924740332235575,0.7527929211954386,0.5939374438586043
0.6304582972424243,0.7862823072902253,0.3657158571790471,0.8633451045230607
0.5299106085609492,0.7524420064480531,0.7263570177140827,0.15916473808865395
0.0689873082586806,0.20884041642279205,0.45606993010401276,0.015088030210694936
0.9684312758924698,0.19679013359179942,0.5472460421002873,0.44923713077591576
0.8871686882945911,0.6425799158045408,0.5432874757134873,0.4321028974116281
0.25922548714515825,0.4580826896757305,0.9758520793435888,0.5519012184951724
0.12233857596214126,0.7922899533309022,0.3670624557109512,0.8332217713715006
0.9424028647569902,0.02413277869255359,0.20768409539759758,0.8023605509824779
0.4611417778806999,0.6104118607605711,0.9117919403666022,0.1000432844300112
0.3111669647714358,0.7306720122398759,0.17483928931557324,0.9339953666766737
0.4903580351651874,0.993386112028669,0.8344228458443447,0.1104143946744447
0.7727441445464122,0.6787816942368469,0.1502148954669258,0.6345705085342361
0.1683852983030545,0.2318451565499663,0.6587243342274063,0.6724062935955757
0.7674958335093072,0.10818619488003878,0.15054081326453606,0.6798774872230882
0.7494467879338654,0.6409167746440754,0.9230858192394295,0.2653511716753909
0.5393482048408798,0.523183067518216,0.5650082826528312,0.33034509176499194
0.8658422887495817,0.8991452884450164,0.32927383914008757,0.5486768751493969
0.13214337816986055,0.726608021181275,0.1403227749635949,0.19958749580009838
0.5954790066656731,0.5097424500426206,0.37119223614599395,0.02031046783335122
0.4493430525018216,0.4035894707651476,0.7050200348688117,0.5621444545085756
0.4222921128358317,0.4043746995708203,0.38495088392854715,0.4652785720120073
0.25256107126952543,0.22630428615123455,0.24609413609544406,0.656731206223462
0.37227965680990804,0.017325971755697056,0.5774094482938172,0.14670057583365992
0.10815075602366575,0.5749105882071062,0.4178218528371196,0.8409248945898514
0.2515989697648252,0.2124147325232152,0.16580623603029232,0.1462214884605273
0.2719651077780826,0.20832691772804146,0.1539879902774568,0.8913436048800235
0.7206678674601394,0.1253812286764805,0.7074619902218547,0.449521172595703
0.048550427208863156,0.18959549017669275,0.9746718955162564,0.5498052593726948
0.6511923081508607,0.031789149555137675,0.23309407086205636,0.8965813359639887
0.22140990979318986,0.674231449748532,0.77314860083149,0.299913048477067
0.08186150591629393,0.40139711631269426,0.0876067024504652,0.1818269962411515
0.3008061610854341,0.5615245987731451,0.3815759190521817,0.44575162081945363
0.22447286942860278,0.6369576180207995,0.506688152808257,0.24436722852770676
0.55203237583985,0.9724845622761592,0.2687469452897683,0.5278439115403171
0.3573764034479624,0.06826586585550098,0.5295784165142504,0.27525786444431644
0.9659937424083261,0.417917684831438,0.8826144276638545,0.8644895355954569
0.9635495993908506,0.24589793352648104,0.9444379623549934,0.607324592257726
0.4437152691202395,0.47671193185681415,0.10055695437304946,0.0002406697429022664
0.7950874606602596,0.9204723006138882,0.2718459339842023,0.8054737346798247
0.013268540860875033,0.7239842652481513,0.9791339175177249,0.3302123367261459
0.5478115847248026,0.6619495864798933,0.2704184104022437,0.3202079841549571
0.7432991723069791,0.4412458764311774,0.6927073511434411,0.38306281213446736
0.2169432254073359,0.6711124983744359,0.25345369387036465,0.6302625280840807
0.06117175516594375,0.03237537727440809,0.35636559332103823,0.442060710394223
0.1559189359064559,0.5862386720298944,0.19127898789689746,0.6286355465697024
0.44184808717385704,0.5537765625992482,0.8563001936971452,0.14678072163579237
0.506371420756262,0.34664043196319283,0.882648763819504,0.9701644645240858
0.38088512210876846,0.2015141254241084,0.29691250791543156,0.7296062870838639
0.43997376704238,0.807555550999301,0.82358982417063,0.250207107178383
0.4702349596092813,0.05386211445509648,0.35824165003698405,0.7241699080747759
0.7694366616010963,0.06967286442358778,0.0990194228951583,0.5750254562616394
0.10524189807765238,0.44052174398414656,0.7580763972920734,0.10918899640351465
0.768950467159396,0.25255454740860506,0.5964462488988447,0.17819642678812608
0.6886273022949981,0.7454524135070204,0.2743824436707504,0.041308141921464814
0.7416608094763181,0.634190076921191,0.25299974051184704,0.8092380716746811
0.7344683858753228,0.7725347961266315,0.9756233704823213,0.551704752595235
0.47059181580178366,0.3246789563378011,0.8625010408930913,0.3167486486502119
0.21140018456090004,0.7405189396178674,0.8097983293737647,0.12634490202820003
0.536628904301804,0.8623032360263989,0.12801770864166562,0.4840458759603792
0.9579820536090996,0.3452744944185717,0.7551872742482605,0.5252613467179388
0.5885256813933637,0.33989582116183337,0.21454022120328653,0.7019485009805053
0.01104714521277761,0.8999514039064263,0.9773889432082408,0.9699372104470915
0.059710904876390636,0.04979025318770913,0.0520891879622577,0.4349455304073747
0.9928634336035523,0.35018940573084434,0.3521384835602436,0.4060342065943693
0.07194635923944037,0.11867249207180408,0.4286478407787152,0.3699300045901225
0.04604516004489856,0.028980590249976235,0.8242029115622544,0.8269239089668611
0.3530242693586554,0.11286941764682212,0.7662228180040461,0.15631722139923787
0.9693172032693367,0.43124579118027695,0.3749921449465896,0.34381290363508943
0.3186751537328657,0.6869560692277907,0.5655602934580408,0.7249708048753909
0.40988413087527065,0.28928242444196295,0.8355951636077303,0.01569493534244648
0.6340770612085656,0.8496753074011247,0.018199592151052713,0.28938072360569467
0.02411183932639782,0.43761562873835,0.8021780995244722,0.6414471627547098
0.897763577519188,0.9682280509617436,0.9468960253420421,0.1859520980008047
0.5194430175544321,0.9541556694437,0.03206452148417116,0.3027105691242712
0.46681090600405795,0.7732762226668151,0.04558098707818259,0.4860450744832292
0.8607266622066304,0.9324054961466182,0.3445140055660201,0.42202356596968715
0.9530765893580212,0.7070960761611116,0.08776956376767453,0.10602718995537885
0.42342523164683477,0.8955831899911814,0.47927608029388824,0.9382353222556326
0.17244107929323071,0.2364737173663065,0.7287106850897787,0.04429272058209277
0.8157092700020729,0.34542020017679864,0.5668992350318177,0.749742756422818
0.4032604212224872,0.7529300660048616,0.19643190907274033,0.07142277109115747
0.9355455395117661,0.4245612382065571,0.6548113000303577,0.46729580302507934
0.9498989838309829,0.8373274338245179,0.6848544791789158,0.17541129165541103
0.11482903172136949,0.8776388715877751,0.9324459556850146,0.14109779642892528
0.9565539673328513,0.29972948472092487,0.14679689737704904,0.12589797654172508
0.36827032544512095,0.8234508081895735,0.6923361649097234,0.45278663669534236
0.6462525176571905,0.15426427106515006,0.9114272188531475,0.5154849093872923
0.034750081734046034,0.33419671153684904,0.5015641533206342,0.13338449354283988
0.8888842740838326,0.517964951121389,0.3617996798630564,0.9793957302662395
0.6415973293448649,0.22644376210389217,0.17074949422115826,0.2577658868622231
0.6435544669564192,0.5792678295751993,0.8667868864897577,0.45884133960278317
0.9021761599774838,0.5786950787176466,0.39424637484059444,0.21626955760190802
0.5083471749073432,0.20690289485090574,0.9248824432676923,0.49392264544954556
0.41051664036255053,0.7956413448854567,0.8477582981307762,0.756016582465182
0.8661287522923162,0.6316444894114969,0.3766398517971957,0.5211020142944952
0.7424205118713982,0.31776050682495427,0.5739143089462625,0.2856488707180552
0.948975664964901,0.23218478347029192,0.027174036293921455,0.2483966087339381
0.9401218933105326,0.8787501388344935,0.2632214028671347,0.7589344062270534
0.38232616456024027,0.8357422452246527,0.7102728485692497,0.11823817572626327
0.4469862901414179,0.22976067485552631,0.6779109458462668,0.3699664944058695
0.25598495379077846,0.03560522651650877,0.35336945954175103,0.15148271665388535
0.6606478891385676,0.8045325957431239,0.8086080319094565,0.25797582929448193
0.36454197008888656,0.6155085552650431,0.2358360518998711,0.1526832324849522
0.7861006466076711,0.1008820280534597,0.4612705331522716,0.8867725085424267
0.12155076073091053,0.5873582062188951,0.4725306353109008,0.7319041990130318
0.11640285116574589,0.45218268536169426,0.3408167688700171,0.5609272460442614
0.2044553814193969,0.7745503274736916,0.9546661011251673,0.2244252224955331
0.08429218843741348,0.20908484215873002,0.6966840335151013,0.5102268271991949
0.6200316076782347,0.4531567443050265,0.5391993353273016,0.5208332064475724
0.14735276601673863,0.15624411425191675,0.5105150933886485,0.5904037256539062
0.15996291746765423,0.9575272278108466,0.15929609247109655,0.060085157222731445
0.01422822372916599,0.7787381569251641,0.37218689706809827,0.9729019711967063
0.7820900146236098,0.7367224265013965,0.6727733147291074,0.46543897060032313
0.812296055423481,0.690206665020802,0.9245702196867337,0.9265317740991033
0.1620224163644397,0.4233364424663817,0.8164640593918385,0.009808114713976357
0.7395244342672245,0.9232824157031447,0.30038980395997117,0.2475583956353089
0.4335451231573596,0.07291701192700539,0.4339566256899333,0.10399557031333562
0.23959488296539133,0.8032590716789518,0.08291752071279457,0.7696161773547716
0.6213846080738289,0.21523273210573268,0.10217232303558077,0.3201250495947112
0.1784840743470848,0.324027955633848,0.4702303869987151,0.840492508415747
0.7568836076530354,0.5194297289673083,0.5302194068171001,0.832385365715857
0.0476152275705517,0.7826550110555796,0.26402709569691396,0.6677947928065698
0.9591309329279144,0.8385349076537366,0.6427826891859413,0.6657818035439771
0.07187525370862446,0.5837322501601249,0.7033806855801378,0.700159692073135
0.5794484192486897,0.4030354889346852,0.2991161316119577,0.6737638346297745
0.9021942901223785,0.9465024214032101,0.7584247257075418,0.38690835768434906
0.011904468847850347,0.24652129583936833,0.20560491903913336,0.6828276445685459
0.49851446098905705,0.8030945758806354,0.5442513772755738,0.8974069691923586
0.3500069643106799,0.6120496214481532,0.8042810935621733,0.33257349187662366
0.580332190257909,0.37689501688521376,0.5370090856825553,0.9448890262149536
0.2254573867376587,0.0013679843635368005,0.9079627185210506,0.013581587898769731
0.06489921723172476,0.4465993013486268,0.05850123287463582,0.34908253826523716
0.6259330368487069,0.27671999754229926,0.5883138454914718,0.1320984017287402
0.41684923949340247,0.10434661332556061,0.5617554525443901,0.12661982904502367
0.6224855387062297,0.07515856533808485,0.6603533285426847,0.8154294940115683
0.21053914683784292,0.34755832731160197,0.8334068386803076,0.9183683147501229
0.33874126295348184,0.6147573887406486,0.725853084338395,0.7777582542329856
0.5616813893646103,0.8375193153647736,0.7902827353728418,0.9766157189925598
0.5931127783247273,0.1835632449473269,0.2888167257176215,0.21632897016627073
0.3723148077742652,0.42464397130904963,0.3874973785689646,0.14079991220969046
0.28005320561655644,0.3919561401421522,0.6267769740462303,0.5207037820396135
0.27370062948859586,0.5133940092085156,0.5534614719249352,0.829037614742618
0.17469935142089843,0.8095872708095528,0.9611038749705365,0.0398390908380597
0.32540496232958716,0.5536452179992348,0.18683449993441936,0.995565660999882
0.19944033701321995,0.8466549135022942,0.3512783724511417,0.6022459292053228
0.6338154062299448,0.5185517560689777,0.5727552332848548,0.9789418121813774
0.5690669982420896,0.6038473651812715,0.867963769936152,0.36508163323377696
0.38258882367092006,0.43738324249298977,0.9293485246909917,0.45802382053358925
0.32583001993739447,0.8230955802956337,0.33603633082759854,0.7523614423973921
0.23761420019464252,0.9238272063646527,0.06710846152635164,0.7927004505613187
0.5354583089593412,0.6391447381231457,0.4216196979221851,0.23303305335024027
0.9189027643456883,0.8207824491729039,0.3943441432335071,0.9298010863077227
0.6857030513889372,0.059003333999100294,0.9864870679296895,0.8674231218347286
0.7444147140355674,0.9061117514466576,0.4310612442907894,0.018205303103198567
0.8343778636564078,0.18892506683912458,0.30572299930322944,0.12856810585518308
0.35163497333784877,0.25652042732580793,0.365377374534934,0.4960971064070674
0.06287578211448763,0.05333006820674624,0.39692628062381385,0.4609555141131827
0.6225588033216443,0.965400116974059,0.821540382196616,0.7083908550348353
0.18867229122803264,0.8520108494883764,0.08101489283126417,0.08971137605303403
0.5690436499956663,0.9131846040910838,0.3165070488750267,0.6448553066971265
0.7395102331570648,0.847216167760015,0.9663184919070996,0.6163699311345824
0.7836383021478366,0.47953055272128886,0.15310250479879994,0.23361959847804437
0.30183912024751547,0.9240819340907634,0.74260132153259,0.5423939642683995
0.5124332325693152,0.9694728204271883,0.3563935011982904,0.22220720699598195
0.6209650962771923,0.5025669767893975,0.5817855261945254,0.14692302710060634
0.8194807217006219,0.1756247813288382,0.09954803850888205,0.5731349346540705
0.7613886651049474,0.6586225089630944,0.30641166735394654,0.9774742783005703
0.9879753209773703,0.9754382898535706,0.5008649416608882,0.23693334917174502
0.008084676530010881,0.872146859858875,0.2317006581758584,0.3553361493551519
0.437489440863133,0.8618151761459075,0.5418699430531522,0.2565732259900467
0.25604448637612787,0.933818016807282,0.21975931406271632,0.26645982164649473
0.11989338714487341,0.8939522605525471,0.6501005526505539,0.40419213418668065
0.9115153281671846,0.7762816640182929,0.9043543402503142,0.7018555106506201
0.9979620660956863,0.7182728321618272,0.08548863735157142,0.03880452403094514
0.18059620790472364,0.26476717374475434,0.21661603577608635,0.9571241956855602
